<?xml version="1.0" encoding="UTF-8"?><artifacts>
    <artifact name="RequestMapping" groupId="com.example.CustomerService.resource" version="1.0.0" type="registry/resource" serverRole="EnterpriseServiceBus">
        <item>
            <file>RequestMapping.dmc</file>
            <path>/_system/governance/datamapper</path>
            <mediaType>text/plain</mediaType>
        </item>
    </artifact>
    <artifact name="RequestMapping_inputSchema" groupId="com.example.CustomerService.resource" version="1.0.0" type="registry/resource" serverRole="EnterpriseServiceBus">
        <item>
            <file>RequestMapping_inputSchema.json</file>
            <path>/_system/governance/datamapper</path>
            <mediaType>text/plain</mediaType>
        </item>
    </artifact>
    <artifact name="RequestMapping_outputSchema" groupId="com.example.CustomerService.resource" version="1.0.0" type="registry/resource" serverRole="EnterpriseServiceBus">
        <item>
            <file>RequestMapping_outputSchema.json</file>
            <path>/_system/governance/datamapper</path>
            <mediaType>text/plain</mediaType>
        </item>
    </artifact>
    <artifact name="RequestMapping_xsltStyleSheet" groupId="com.example.CustomerService.resource" version="1.0.0" type="registry/resource" serverRole="EnterpriseServiceBus">
        <item>
            <file>RequestMapping_xsltStyleSheet.xml</file>
            <path>/_system/governance/datamapper</path>
            <mediaType>text/plain</mediaType>
        </item>
    </artifact>
</artifacts>
