{"$schema":"http:\/\/wso2.org\/json-schema\/wso2-data-mapper-v5.0.0\/schema#","outputType":"JSON","id":"http:\/\/wso2jsonschema.org","title":"root","type":"object","properties":{"customerAddress":{"id":"http:\/\/wso2jsonschema.org\/customerAddress","type":"object","properties":{"subaddress3":{"id":"http:\/\/wso2jsonschema.org\/customerAddress\/subaddress3","type":"string"},"subaddress2":{"id":"http:\/\/wso2jsonschema.org\/customerAddress\/subaddress2","type":"string"},"subaddress1":{"id":"http:\/\/wso2jsonschema.org\/customerAddress\/subaddress1","type":"string"}}},"customerEmail":{"id":"http:\/\/wso2jsonschema.org\/customerEmail","type":"string"},"customerName":{"id":"http:\/\/wso2jsonschema.org\/customerName","type":"string"}}}