<?xml version="1.0" encoding="UTF-8"?>
<api context="/customer" name="CustomerAPI" xmlns="http://ws.apache.org/ns/synapse">
    <resource methods="POST GET" uri-template="/addCustomer">
        <inSequence>
            <property expression="json-eval($.customerEmail)" name="CustomerProperty" scope="default" type="STRING"/>
            <datamapper config="gov:datamapper/RequestMapping.dmc" description="mapper" inputSchema="gov:datamapper/RequestMapping_inputSchema.json" inputType="JSON" outputSchema="gov:datamapper/RequestMapping_outputSchema.json" outputType="JSON" xsltStyleSheet="gov:datamapper/RequestMapping_xsltStyleSheet.xml"/>
            <switch source="get-property('CustomerProperty')">
                <case regex=".*@gmail.*">
                    <log level="custom">
                        <property expression="fn:concat('Routing gmail to ', get-property('CustomerProperty'))" name="message"/>
                    </log>
                    <send>
                        <endpoint key="ResidentialEndPoint"/>
                    </send>
                </case>
                <case regex=".*@yahoo.*">
                    <log level="custom">
                        <property expression="fn:concat('Routing yahoo to ', get-property('CustomerProperty'))" name="message"/>
                    </log>
                    <send>
                        <endpoint key="ResidentialEndPoint"/>
                    </send>
                </case>
                <default>
                    <log level="custom">
                        <property expression="fn:concat('Routing to default commercial ', get-property('CustomerProperty'))" name="messsage"/>
                    </log>
                    <send>
                        <endpoint key="CommercialEndPoint"/>
                    </send>
                </default>
            </switch>
        </inSequence>
        <outSequence>
            <property description="response " expression="json-eval($)" name="responseProperty" scope="default" type="STRING"/>
            <log description="response log">
                <property expression="fn:concat('The response from the services is   ', get-property('responseProperty'))" name="message"/>
            </log>
            <gmail.init>
                <userId>mohit.patidar@wissen.com</userId>
                <accessToken>ya29.GluJB5PzfRvl7TICxrm5kNdlMX-zHfJTJRJMy9P7OU9dsdhCQOs-DResAofv38j-QbQo3mT_kYE6KWYTsCjmygGEFMeEZmk-367wwRoV86Q59C2kb3Zh97ivMxCY</accessToken>
                <apiUrl>https://www.googleapis.com/gmail</apiUrl>
                <clientId>937736468135-grvca7uetg9p2vbkr7qseba0d088n2gr.apps.googleusercontent.com</clientId>
                <clientSecret>XUVYrE3aVgA3z2LH0qXXYRTO</clientSecret>
                <refreshToken>1/V5uR79UAbxVrMcN8Hpbo9MGNfMpjgJxGT2msJmtYstw</refreshToken>
            </gmail.init>
            <gmail.sendMail>
                <to>{$ctx:CustomerProperty}</to>
                <subject>Customer Status</subject>
                <from>mohit.patidar@wissen.com</from>
                <messageBody>{$ctx:response}</messageBody>
            </gmail.sendMail>
        </outSequence>
        <faultSequence/>
    </resource>
</api>
