<?xml version="1.0" encoding="UTF-8" standalone="no"?><xsl:stylesheet xmlns:xsl="http://www.w3.org/1999/XSL/Transform" xmlns:firstElementOfTheInput="root" xmlns:notXSLTCompatible="false" xmlns:own="http://ownfunction.org" xmlns:xs="http://www.w3.org/2001/XMLSchema" extension-element-prefixes="xs own notXSLTCompatible firstElementOfTheInput" version="2.0"><xsl:function name="own:setPrecision"><xsl:param name="resultString"/><xsl:param name="noOfDigits"/><xsl:if test="$noOfDigits=0"><xsl:value-of select="$resultString"/></xsl:if><xsl:if test="$noOfDigits!=0"><xsl:value-of select="own:setPrecision(concat($resultString,'0'),$noOfDigits - 1)"/></xsl:if></xsl:function><xsl:template match="/"><root><customerName><xsl:value-of select="root/customerName"/></customerName><customerAddress><subaddress1><xsl:value-of select="tokenize(root/customerAddress,',')[1]"/></subaddress1><subaddress2><xsl:value-of select="tokenize(root/customerAddress,',')[2]"/></subaddress2><subaddress3><xsl:value-of select="tokenize(root/customerAddress,',')[3]"/></subaddress3></customerAddress><customerEmail><xsl:value-of select="root/customerEmail"/></customerEmail></root></xsl:template></xsl:stylesheet>